Row Number,Product_ID,Category,Rating,Base_Price,Discount_Percent,Final_Price,Competitor_Price,Promotion,Units_Sold,Date
1,P001,Electronics,3,4048,40,2428.8,3643.2,FALSE,35,21-02-2025
2,P002,Electronics,3,2871,35,1866.15,2411.64,TRUE,41,19-03-2025
3,P003,Kitchen,1,2528,34,1668.48,2376.32,TRUE,40,25-03-2025
4,P004,Books,4,756,38,468.72,703.08,TRUE,59,05-05-2025
5,P005,Books,4,2153,7,2002.29,2002.29,FALSE,47,17-04-2025
6,P006,Fitness,5,3080,11,2741.2,2556.4,FALSE,45,05-04-2025
7,P007,Fitness,3,2389,28,1720.08,2006.76,TRUE,42,10-03-2025
8,P008,Kitchen,4,209,38,129.58,181.83,FALSE,63,14-03-2025
9,P009,Fitness,1,2234,21,1764.86,1854.22,FALSE,40,10-06-2025
10,P010,Books,4,3988,39,2432.68,3310.04,TRUE,44,31-03-2025
11,P011,Fitness,4,1502,27,1096.46,1336.78,TRUE,59,02-04-2025
12,P012,Fitness,2,783,37,493.29,696.87,TRUE,59,20-06-2025
13,P013,Electronics,2,3819,37,2405.97,3513.48,TRUE,42,07-05-2025
14,P014,Electronics,3,2223,15,1889.55,2067.39,FALSE,42,25-06-2025
15,P015,Electronics,2,3615,47,1915.95,3253.5,FALSE,37,17-05-2025
16,P016,Kitchen,1,2769,42,1606.02,2464.41,TRUE,41,21-05-2025
17,P017,Electronics,2,2123,18,1740.86,1868.24,TRUE,41,07-01-2025
18,P018,Kitchen,1,857,26,634.18,685.6,FALSE,48,07-03-2025
19,P019,Fitness,1,3077,42,1784.66,2892.38,FALSE,40,15-03-2025
20,P020,Electronics,1,1513,4,1452.48,1346.57,TRUE,38,12-04-2025
21,P021,Kitchen,5,2780,20,2224,2390.8,TRUE,51,17-02-2025
22,P022,Fitness,2,2710,16,2276.4,2195.1,TRUE,43,20-05-2025
23,P023,Books,3,4858,19,3934.98,4420.78,TRUE,30,18-04-2025
24,P024,Kitchen,2,583,17,483.89,507.21,TRUE,52,13-06-2025
25,P025,Fitness,5,3567,42,2068.86,3031.95,FALSE,46,26-06-2025
26,P026,Kitchen,4,2145,30,1501.5,1909.05,FALSE,47,03-06-2025
27,P027,Fitness,5,96,36,61.44,79.68,TRUE,73,05-04-2025
28,P028,Kitchen,1,124,45,68.2,100.44,TRUE,59,12-06-2025
29,P029,Electronics,2,2901,18,2378.82,2639.91,TRUE,42,19-04-2025
30,P030,Electronics,1,2609,7,2426.37,2478.55,TRUE,38,20-01-2025
31,P031,Fitness,4,1426,42,827.08,1297.66,TRUE,55,27-04-2025
32,P032,Fitness,1,187,13,162.69,160.82,FALSE,52,01-02-2025
33,P033,Books,3,1904,42,1104.32,1656.48,FALSE,49,11-05-2025
34,P034,Books,2,4189,47,2220.17,3728.21,TRUE,39,23-06-2025
35,P035,Books,1,4124,43,2350.68,3340.44,TRUE,38,25-01-2025
36,P036,Kitchen,2,1774,45,975.7,1472.42,TRUE,51,24-05-2025
37,P037,Electronics,2,2536,2,2485.28,2383.84,FALSE,37,16-06-2025
38,P038,Books,1,1166,21,921.14,991.1,FALSE,50,03-02-2025
39,P039,Fitness,2,1680,11,1495.2,1596,FALSE,41,07-05-2025
40,P040,Electronics,3,42,26,31.08,36.12,TRUE,60,24-06-2025
41,P041,Fitness,1,2258,25,1693.5,2032.2,TRUE,40,17-05-2025
42,P042,Electronics,1,4532,48,2356.64,3988.16,TRUE,33,22-03-2025
43,P043,Electronics,4,1144,48,594.88,995.28,TRUE,64,15-01-2025
44,P044,Fitness,5,1038,17,861.54,830.4,FALSE,61,04-06-2025
45,P045,Electronics,5,2383,47,1262.99,1930.23,FALSE,54,08-05-2025
46,P046,Fitness,2,3578,20,2862.4,3363.32,TRUE,37,22-01-2025
47,P047,Kitchen,4,4026,41,2375.34,3220.8,FALSE,47,21-04-2025
48,P048,Fitness,1,538,23,414.26,473.44,TRUE,59,05-06-2025
49,P049,Kitchen,3,4072,35,2646.8,3501.92,TRUE,40,21-06-2025
50,P050,Electronics,4,4174,50,2087,3422.68,FALSE,45,08-03-2025
51,P051,Books,4,3803,10,3422.7,3080.43,FALSE,29,05-05-2025
52,P052,Books,2,3368,39,2054.48,2728.08,FALSE,35,04-02-2025
53,P053,Kitchen,5,1469,19,1189.89,1263.34,FALSE,62,08-03-2025
54,P054,Books,4,3039,38,1884.18,2643.93,FALSE,52,04-02-2025
55,P055,Electronics,1,4665,8,4291.8,4058.55,FALSE,19,08-05-2025
56,P056,Electronics,1,2111,44,1182.16,1794.35,TRUE,51,15-04-2025
57,P057,Kitchen,2,3723,29,2643.33,3425.16,FALSE,33,23-01-2025
58,P058,Kitchen,2,3207,47,1699.71,2918.37,FALSE,45,27-01-2025
59,P059,Electronics,3,3570,23,2748.9,3141.6,FALSE,41,04-04-2025
60,P060,Electronics,3,3101,44,1736.56,2697.87,TRUE,43,11-05-2025
61,P061,Electronics,2,3965,0,3965,3647.8,TRUE,23,30-04-2025
62,P062,Kitchen,2,3144,40,1886.4,2892.48,TRUE,37,28-04-2025
63,P063,Fitness,2,472,28,339.84,387.04,FALSE,53,27-03-2025
64,P064,Electronics,4,1062,46,573.48,977.04,FALSE,57,18-02-2025
65,P065,Fitness,5,3486,50,1743,3311.7,FALSE,56,10-03-2025
66,P066,Kitchen,3,4651,44,2604.56,4092.88,TRUE,42,09-05-2025
67,P067,Fitness,1,3117,50,1558.5,2961.15,FALSE,47,25-05-2025
68,P068,Electronics,4,1551,36,992.64,1364.88,FALSE,60,16-05-2025
69,P069,Books,4,1863,11,1658.07,1695.33,TRUE,48,03-04-2025
70,P070,Fitness,5,2511,19,2033.91,2310.12,TRUE,53,18-05-2025
71,P071,Fitness,1,2785,41,1643.15,2534.35,FALSE,47,13-01-2025
72,P072,Fitness,5,895,24,680.2,850.25,TRUE,64,01-04-2025
73,P073,Kitchen,1,1733,14,1490.38,1629.02,FALSE,47,25-06-2025
74,P074,Kitchen,4,4935,14,4244.1,4441.5,TRUE,30,02-06-2025
75,P075,Kitchen,3,1030,26,762.2,824,TRUE,60,03-03-2025
76,P076,Electronics,4,1594,29,1131.74,1434.6,FALSE,59,01-04-2025
77,P077,Books,3,2479,7,2305.47,2255.89,FALSE,37,24-03-2025
78,P078,Books,5,794,41,468.46,706.66,TRUE,65,17-04-2025
79,P079,Fitness,3,4584,23,3529.68,4354.8,FALSE,24,28-06-2025
80,P080,Kitchen,2,2434,35,1582.1,2044.56,TRUE,49,28-01-2025
81,P081,Electronics,5,785,15,667.25,714.35,TRUE,68,06-06-2025
82,P082,Kitchen,3,2156,26,1595.44,1875.72,TRUE,45,13-04-2025
83,P083,Kitchen,5,2102,13,1828.74,1807.72,TRUE,49,21-05-2025
84,P084,Fitness,2,1258,33,842.86,1169.94,FALSE,50,30-01-2025
85,P085,Fitness,1,620,27,452.6,564.2,FALSE,57,24-04-2025
86,P086,Kitchen,1,121,27,88.33,113.74,TRUE,60,04-06-2025
87,P087,Kitchen,1,2736,21,2161.44,2407.68,FALSE,33,18-05-2025
88,P088,Kitchen,2,3588,7,3336.84,3372.72,FALSE,30,29-04-2025
89,P089,Fitness,2,266,12,234.08,250.04,FALSE,60,12-05-2025
90,P090,Books,4,3082,39,1880.02,2742.98,FALSE,50,21-05-2025
91,P091,Books,2,4242,36,2714.88,3902.64,TRUE,33,12-03-2025
92,P092,Kitchen,1,1733,49,883.83,1577.03,TRUE,51,04-05-2025
93,P093,Kitchen,3,1174,17,974.42,962.68,FALSE,53,12-02-2025
94,P094,Books,2,364,30,254.8,313.04,TRUE,54,22-06-2025
95,P095,Electronics,3,2419,30,1693.3,2177.1,FALSE,42,15-03-2025
96,P096,Kitchen,4,3434,2,3365.32,2781.54,TRUE,38,21-03-2025
97,P097,Electronics,1,1392,11,1238.88,1294.56,FALSE,51,16-05-2025
98,P098,Fitness,5,1257,14,1081.02,1005.6,FALSE,63,05-04-2025
99,P099,Books,2,4879,2,4781.42,3903.2,FALSE,15,12-01-2025
100,P100,Kitchen,4,3903,5,3707.85,3200.46,FALSE,26,14-04-2025
101,P101,Kitchen,2,711,33,476.37,632.79,FALSE,55,07-05-2025
102,P102,Electronics,5,2859,39,1743.99,2601.69,TRUE,54,14-04-2025
103,P103,Electronics,4,4237,13,3686.19,4025.15,TRUE,35,15-02-2025
104,P104,Fitness,5,4821,12,4242.48,4194.27,FALSE,32,08-06-2025
105,P105,Fitness,1,3981,18,3264.42,3463.47,FALSE,20,04-01-2025
106,P106,Books,1,215,14,184.9,197.8,TRUE,60,04-01-2025
107,P107,Electronics,5,222,47,117.66,204.24,TRUE,66,27-05-2025
108,P108,Books,2,4190,28,3016.8,3645.3,TRUE,29,02-04-2025
109,P109,Fitness,4,2647,37,1667.61,2144.07,FALSE,48,05-03-2025
110,P110,Electronics,1,1640,32,1115.2,1558,FALSE,43,09-02-2025
111,P111,Kitchen,5,3045,17,2527.35,2588.25,FALSE,42,09-01-2025
112,P112,Books,2,813,35,528.45,682.92,FALSE,53,01-04-2025
113,P113,Fitness,4,2973,29,2110.83,2586.51,TRUE,50,26-04-2025
114,P114,Kitchen,2,4440,25,3330,3951.6,FALSE,24,07-03-2025
115,P115,Fitness,5,2416,18,1981.12,2246.88,FALSE,54,14-03-2025
116,P116,Books,4,702,43,400.14,575.64,TRUE,59,18-01-2025
117,P117,Books,5,3566,19,2888.46,2959.78,FALSE,42,18-03-2025
118,P118,Books,4,631,15,536.35,599.45,TRUE,61,29-03-2025
119,P119,Electronics,2,3563,49,1817.13,3277.96,FALSE,46,16-05-2025
120,P120,Books,4,4142,12,3644.96,3644.96,TRUE,29,09-02-2025
121,P121,Fitness,2,4509,32,3066.12,3787.56,FALSE,33,21-01-2025
122,P122,Electronics,2,1710,48,889.2,1436.4,FALSE,54,20-04-2025
123,P123,Kitchen,3,1537,20,1229.6,1414.04,TRUE,52,12-05-2025
124,P124,Books,4,2068,14,1778.48,1881.88,TRUE,47,12-02-2025
125,P125,Fitness,5,615,6,578.1,553.5,FALSE,62,01-05-2025
126,P126,Fitness,2,4147,29,2944.37,3898.18,TRUE,34,08-04-2025
127,P127,Electronics,5,2849,43,1623.93,2307.69,FALSE,51,28-01-2025
128,P128,Electronics,3,1744,35,1133.6,1587.04,FALSE,52,15-03-2025
129,P129,Electronics,1,1378,41,813.02,1171.3,FALSE,47,30-06-2025
130,P130,Electronics,5,3072,33,2058.24,2887.68,TRUE,46,10-02-2025
131,P131,Kitchen,1,1296,27,946.08,1205.28,TRUE,49,04-05-2025
132,P132,Kitchen,1,988,46,533.52,810.16,TRUE,55,06-03-2025
133,P133,Books,5,3658,45,2011.9,2962.98,TRUE,47,12-05-2025
134,P134,Books,2,2716,22,2118.48,2308.6,TRUE,38,14-06-2025
135,P135,Kitchen,4,688,39,419.68,591.68,FALSE,61,21-03-2025
136,P136,Electronics,4,2588,3,2510.36,2096.28,TRUE,37,16-04-2025
137,P137,Kitchen,3,3341,42,1937.78,3073.72,FALSE,43,09-04-2025
138,P138,Electronics,5,2374,40,1424.4,2184.08,TRUE,56,17-06-2025
139,P139,Kitchen,5,2752,16,2311.68,2531.84,FALSE,43,01-01-2025
140,P140,Fitness,4,3485,23,2683.45,2857.7,TRUE,42,12-04-2025
141,P141,Fitness,2,2721,18,2231.22,2448.9,TRUE,39,21-04-2025
142,P142,Fitness,4,507,25,380.25,476.58,TRUE,62,04-05-2025
143,P143,Books,4,2809,49,1432.59,2668.55,FALSE,49,09-02-2025
144,P144,Books,4,389,45,213.95,369.55,FALSE,69,09-05-2025
145,P145,Books,1,568,28,408.96,482.8,FALSE,54,20-03-2025
146,P146,Electronics,2,4660,25,3495,3914.4,TRUE,22,08-05-2025
147,P147,Books,1,2198,16,1846.32,2066.12,TRUE,43,16-05-2025
148,P148,Electronics,3,3304,6,3105.76,2775.36,TRUE,36,11-02-2025
149,P149,Books,2,248,43,141.36,210.8,TRUE,55,21-01-2025
150,P150,Fitness,5,4221,8,3883.32,3841.11,FALSE,34,20-05-2025
151,P151,Books,5,2100,34,1386,1869,FALSE,55,19-03-2025
152,P152,Electronics,3,1592,6,1496.48,1512.4,TRUE,52,18-02-2025
153,P153,Fitness,4,1621,29,1150.91,1491.32,TRUE,52,20-01-2025
154,P154,Fitness,4,1485,31,1024.65,1395.9,FALSE,62,11-06-2025
155,P155,Books,2,3225,10,2902.5,2934.75,FALSE,31,20-04-2025
156,P156,Fitness,3,3155,40,1893,2934.15,FALSE,41,18-04-2025
157,P157,Books,4,4869,50,2434.5,4089.96,TRUE,46,25-06-2025
158,P158,Kitchen,2,2265,34,1494.9,2015.85,TRUE,50,08-03-2025
159,P159,Kitchen,2,2921,43,1664.97,2482.85,TRUE,44,04-06-2025
160,P160,Kitchen,3,2029,28,1460.88,1907.26,TRUE,47,19-05-2025
161,P161,Books,3,1781,34,1175.46,1424.8,FALSE,48,19-05-2025
162,P162,Kitchen,2,167,3,161.99,156.98,FALSE,59,28-03-2025
163,P163,Kitchen,2,1174,4,1127.04,950.94,FALSE,48,17-03-2025
164,P164,Fitness,3,2788,34,1840.08,2397.68,FALSE,43,11-01-2025
165,P165,Kitchen,1,4230,0,4230,3637.8,TRUE,17,07-05-2025
166,P166,Kitchen,4,1605,22,1251.9,1316.1,TRUE,51,16-05-2025
167,P167,Electronics,1,1241,4,1191.36,1005.21,FALSE,44,13-03-2025
168,P168,Fitness,5,3869,46,2089.26,3095.2,FALSE,54,23-06-2025
169,P169,Electronics,4,2973,39,1813.53,2675.7,FALSE,44,16-01-2025
170,P170,Electronics,4,3257,10,2931.3,2866.16,FALSE,36,24-01-2025
171,P171,Books,4,1981,21,1564.99,1763.09,TRUE,54,30-03-2025
172,P172,Books,4,4310,27,3146.3,3448,TRUE,35,09-05-2025
173,P173,Fitness,5,339,29,240.69,281.37,TRUE,73,26-04-2025
174,P174,Books,2,1637,36,1047.68,1342.34,TRUE,52,14-03-2025
175,P175,Electronics,4,4530,12,3986.4,3669.3,FALSE,32,19-03-2025
176,P176,Books,1,4182,26,3094.68,3345.6,TRUE,26,23-05-2025
177,P177,Books,2,4077,6,3832.38,3465.45,FALSE,24,03-02-2025
178,P178,Books,3,824,21,650.96,749.84,FALSE,61,11-03-2025
179,P179,Books,3,3051,28,2196.72,2654.37,TRUE,46,10-03-2025
180,P180,Books,5,316,47,167.48,274.92,FALSE,69,24-02-2025
181,P181,Kitchen,3,2973,12,2616.24,2527.05,TRUE,41,15-03-2025
182,P182,Kitchen,1,2501,5,2375.95,2275.91,FALSE,32,05-02-2025
183,P183,Electronics,2,1028,35,668.2,853.24,TRUE,53,28-01-2025
184,P184,Books,4,4906,31,3385.14,4415.4,FALSE,37,21-04-2025
185,P185,Kitchen,1,2613,1,2586.87,2116.53,TRUE,29,24-04-2025
186,P186,Books,4,2215,17,1838.45,2037.8,FALSE,51,16-04-2025
187,P187,Fitness,2,1927,28,1387.44,1715.03,FALSE,44,02-01-2025
188,P188,Kitchen,4,3204,26,2370.96,2979.72,FALSE,40,17-01-2025
189,P189,Electronics,2,1366,8,1256.72,1215.74,TRUE,52,16-06-2025
190,P190,Electronics,4,3168,29,2249.28,2597.76,FALSE,42,03-01-2025
191,P191,Fitness,3,3639,21,2874.81,3311.49,TRUE,37,12-04-2025
192,P192,Kitchen,1,2220,31,1531.8,2086.8,FALSE,42,14-05-2025
193,P193,Books,5,2846,8,2618.32,2305.26,TRUE,48,25-01-2025
194,P194,Kitchen,3,3349,38,2076.38,3081.08,FALSE,40,04-02-2025
195,P195,Fitness,4,1440,36,921.6,1209.6,TRUE,60,10-05-2025
196,P196,Books,3,3848,0,3848,3617.12,TRUE,28,31-03-2025
197,P197,Kitchen,1,4949,11,4404.61,4602.57,FALSE,17,22-03-2025
198,P198,Fitness,5,523,41,308.57,428.86,TRUE,66,03-01-2025
199,P199,Books,4,4811,13,4185.57,4570.45,FALSE,21,13-03-2025
200,P200,Fitness,3,1239,45,681.45,1003.59,FALSE,58,13-06-2025
201,P201,Electronics,5,1221,42,708.18,1074.48,FALSE,63,16-05-2025
202,P202,Kitchen,1,3490,11,3106.1,3175.9,FALSE,31,27-02-2025
203,P203,Books,4,366,28,263.52,333.06,FALSE,61,13-02-2025
204,P204,Books,4,2046,18,1677.72,1636.8,FALSE,51,15-02-2025
205,P205,Electronics,1,3299,30,2309.3,3035.08,TRUE,30,19-02-2025
206,P206,Books,5,3254,36,2082.56,2635.74,FALSE,50,30-04-2025
207,P207,Fitness,4,3160,32,2148.8,2591.2,TRUE,41,21-01-2025
208,P208,Fitness,1,3641,1,3604.59,3349.72,TRUE,18,14-01-2025
209,P209,Books,2,1255,28,903.6,1054.2,FALSE,49,04-05-2025
210,P210,Books,5,4243,18,3479.26,3394.4,TRUE,35,14-01-2025
211,P211,Kitchen,3,4315,40,2589,3624.6,FALSE,40,01-02-2025
212,P212,Fitness,5,4261,10,3834.9,3494.02,FALSE,32,01-06-2025
213,P213,Books,4,198,36,126.72,164.34,FALSE,67,12-01-2025
214,P214,Books,4,300,25,225,240,FALSE,61,27-04-2025
215,P215,Fitness,1,3663,6,3443.22,3113.55,TRUE,28,06-02-2025
216,P216,Books,2,255,13,221.85,211.65,TRUE,54,15-06-2025
217,P217,Fitness,1,2948,46,1591.92,2446.84,TRUE,46,28-01-2025
218,P218,Kitchen,3,2709,11,2411.01,2275.56,FALSE,42,20-04-2025
219,P219,Kitchen,4,3159,36,2021.76,2906.28,FALSE,49,31-01-2025
220,P220,Fitness,5,78,0,78,69.42,TRUE,64,03-02-2025
221,P221,Fitness,1,1576,4,1512.96,1386.88,FALSE,47,12-04-2025
222,P222,Fitness,1,4898,23,3771.46,4212.28,TRUE,25,18-01-2025
223,P223,Electronics,1,3952,3,3833.44,3201.12,TRUE,25,13-01-2025
224,P224,Fitness,4,3781,21,2986.99,3100.42,FALSE,35,31-03-2025
225,P225,Books,4,837,31,577.53,736.56,FALSE,63,21-01-2025
226,P226,Electronics,5,1654,14,1422.44,1538.22,TRUE,54,23-02-2025
227,P227,Fitness,1,4616,7,4292.88,3969.76,FALSE,11,20-05-2025
228,P228,Kitchen,4,1416,25,1062,1316.88,TRUE,56,18-01-2025
229,P229,Kitchen,2,887,31,612.03,798.3,FALSE,52,18-03-2025
230,P230,Kitchen,2,2198,27,1604.54,1780.38,TRUE,46,06-05-2025
231,P231,Fitness,1,2095,48,1089.4,1927.4,FALSE,47,08-01-2025
232,P232,Electronics,5,3136,30,2195.2,2602.88,TRUE,45,26-05-2025
233,P233,Kitchen,2,3755,20,3004,3116.65,FALSE,26,20-01-2025
234,P234,Fitness,4,1477,25,1107.75,1284.99,FALSE,61,30-06-2025
235,P235,Electronics,1,4187,33,2805.29,3558.95,FALSE,27,09-06-2025
236,P236,Kitchen,2,2044,42,1185.52,1778.28,FALSE,53,24-02-2025
237,P237,Books,2,63,12,55.44,56.07,TRUE,60,23-04-2025
238,P238,Books,3,1061,44,594.16,923.07,FALSE,58,02-02-2025
239,P239,Books,4,625,29,443.75,531.25,FALSE,59,23-05-2025
240,P240,Books,2,3538,44,1981.28,2936.54,FALSE,40,04-06-2025
241,P241,Kitchen,1,4240,15,3604,3773.6,FALSE,22,16-02-2025
242,P242,Books,2,3730,49,1902.3,3319.7,FALSE,38,16-05-2025
243,P243,Electronics,1,2742,22,2138.76,2550.06,FALSE,39,24-02-2025
244,P244,Books,2,2426,46,1310.04,2207.66,FALSE,47,01-04-2025
245,P245,Kitchen,5,3727,45,2049.85,3242.49,TRUE,50,15-01-2025
246,P246,Fitness,1,2630,3,2551.1,2288.1,TRUE,35,17-06-2025
247,P247,Electronics,1,2436,15,2070.6,2168.04,FALSE,35,11-02-2025
248,P248,Electronics,2,1776,34,1172.16,1580.64,TRUE,53,17-01-2025
249,P249,Fitness,4,1473,2,1443.54,1325.7,FALSE,51,16-04-2025
250,P250,Kitchen,5,30,41,17.7,27.3,TRUE,75,01-06-2025
251,P251,Kitchen,1,4183,16,3513.72,3890.19,FALSE,20,15-01-2025
252,P252,Kitchen,2,3423,41,2019.57,3012.24,FALSE,43,30-05-2025
253,P253,Electronics,3,2995,26,2216.3,2845.25,FALSE,45,22-04-2025
254,P254,Books,3,4990,43,2844.3,4590.8,TRUE,41,01-06-2025
255,P255,Fitness,5,1753,38,1086.86,1490.05,FALSE,60,24-01-2025
256,P256,Fitness,1,1298,1,1285.02,1142.24,FALSE,48,18-01-2025
257,P257,Electronics,2,1979,9,1800.89,1622.78,TRUE,40,15-04-2025
258,P258,Fitness,2,3609,30,2526.3,2959.38,FALSE,36,08-06-2025
259,P259,Fitness,4,2668,7,2481.24,2267.8,FALSE,43,14-06-2025
260,P260,Books,2,529,4,507.84,497.26,FALSE,59,16-03-2025
261,P261,Kitchen,4,2242,19,1816.02,1883.28,TRUE,49,13-02-2025
262,P262,Electronics,5,4422,16,3714.48,4200.9,TRUE,32,01-06-2025
263,P263,Kitchen,1,3228,38,2001.36,2679.24,TRUE,42,21-02-2025
264,P264,Books,1,207,32,140.76,175.95,TRUE,55,20-02-2025
265,P265,Electronics,3,4005,8,3684.6,3804.75,TRUE,27,24-04-2025
266,P266,Kitchen,4,3435,47,1820.55,2816.7,FALSE,52,04-03-2025
267,P267,Kitchen,1,1571,17,1303.93,1445.32,TRUE,46,13-02-2025
268,P268,Electronics,4,1024,15,870.4,849.92,TRUE,53,16-01-2025
269,P269,Books,4,430,4,412.8,369.8,FALSE,62,10-04-2025
270,P270,Kitchen,5,996,24,756.96,876.48,FALSE,64,09-01-2025
271,P271,Fitness,1,4532,32,3081.76,4260.08,TRUE,28,10-06-2025
272,P272,Kitchen,2,2024,33,1356.08,1679.92,TRUE,47,16-01-2025
273,P273,Books,4,4950,38,3069,4653,FALSE,35,23-03-2025
274,P274,Electronics,5,1034,10,930.6,868.56,TRUE,58,19-06-2025
275,P275,Electronics,3,2104,47,1115.12,1998.8,FALSE,58,05-06-2025
276,P276,Fitness,2,456,3,442.32,424.08,TRUE,55,04-02-2025
277,P277,Electronics,4,1347,0,1347,1239.24,TRUE,54,27-03-2025
278,P278,Kitchen,3,4345,35,2824.25,4084.3,TRUE,31,28-02-2025
279,P279,Fitness,4,2069,46,1117.26,1717.27,FALSE,56,20-02-2025
280,P280,Fitness,3,2915,22,2273.7,2740.1,TRUE,39,14-05-2025
281,P281,Electronics,5,4205,36,2691.2,3616.3,FALSE,44,28-01-2025
282,P282,Fitness,5,2318,44,1298.08,1970.3,FALSE,57,18-01-2025
283,P283,Books,2,1005,48,522.6,934.65,TRUE,54,28-04-2025
284,P284,Books,3,2583,37,1627.29,2195.55,FALSE,49,26-04-2025
285,P285,Kitchen,5,1766,35,1147.9,1642.38,FALSE,57,19-03-2025
286,P286,Fitness,4,2668,43,1520.76,2241.12,TRUE,56,21-01-2025
287,P287,Electronics,5,555,5,527.25,499.5,TRUE,65,09-02-2025
288,P288,Electronics,2,25,0,25,22.5,TRUE,57,05-06-2025
289,P289,Fitness,3,1000,18,820,810,FALSE,55,09-06-2025
290,P290,Fitness,2,467,28,336.24,382.94,TRUE,61,22-01-2025
291,P291,Fitness,3,4565,33,3058.55,3697.65,FALSE,28,07-04-2025
292,P292,Fitness,3,4017,19,3253.77,3334.11,FALSE,32,09-02-2025
293,P293,Books,4,2216,7,2060.88,1861.44,FALSE,47,06-02-2025
294,P294,Kitchen,3,4164,24,3164.64,3872.52,TRUE,33,29-04-2025
295,P295,Electronics,5,3166,16,2659.44,2659.44,TRUE,41,15-05-2025
296,P296,Books,3,2763,23,2127.51,2486.7,TRUE,43,06-01-2025
297,P297,Kitchen,4,3666,15,3116.1,3299.4,FALSE,36,23-04-2025
298,P298,Kitchen,5,4448,14,3825.28,3958.72,FALSE,36,03-05-2025
299,P299,Fitness,3,4109,10,3698.1,3780.28,TRUE,24,18-04-2025
300,P300,Electronics,4,2314,49,1180.14,1851.2,FALSE,50,10-04-2025
301,P301,Kitchen,4,3947,43,2249.79,3354.95,TRUE,42,28-02-2025
302,P302,Electronics,3,1698,38,1052.76,1545.18,FALSE,56,25-04-2025
303,P303,Kitchen,2,4371,3,4239.87,3977.61,FALSE,21,22-06-2025
304,P304,Books,1,162,48,84.24,150.66,FALSE,61,25-03-2025
305,P305,Electronics,4,3861,33,2586.87,3281.85,FALSE,42,13-06-2025
306,P306,Electronics,4,1175,46,634.5,963.5,TRUE,65,23-03-2025
307,P307,Fitness,4,114,13,99.18,104.88,FALSE,61,08-03-2025
308,P308,Kitchen,5,4150,4,3984,3859.5,TRUE,25,22-01-2025
309,P309,Electronics,3,3991,3,3871.27,3432.26,TRUE,22,15-03-2025
310,P310,Electronics,5,2568,48,1335.36,2336.88,TRUE,61,07-02-2025
311,P311,Books,2,1776,25,1332,1420.8,FALSE,46,12-06-2025
312,P312,Books,1,2805,44,1570.8,2608.65,TRUE,41,22-01-2025
313,P313,Kitchen,4,1033,29,733.43,950.36,TRUE,60,11-02-2025
314,P314,Books,3,1347,40,808.2,1144.95,FALSE,52,03-06-2025
315,P315,Kitchen,3,4754,31,3280.26,4135.98,TRUE,36,23-03-2025
316,P316,Electronics,2,2637,46,1423.98,2267.82,FALSE,43,21-05-2025
317,P317,Books,3,4549,15,3866.65,3730.18,TRUE,26,21-01-2025
318,P318,Books,5,3249,47,1721.97,2761.65,FALSE,54,18-01-2025
319,P319,Books,3,4979,19,4032.99,4182.36,FALSE,24,21-04-2025
320,P320,Electronics,4,1667,20,1333.6,1483.63,FALSE,57,21-03-2025
321,P321,Fitness,5,2799,47,1483.47,2435.13,TRUE,55,06-02-2025
322,P322,Fitness,3,1511,16,1269.24,1329.68,FALSE,49,05-06-2025
323,P323,Kitchen,1,795,7,739.35,643.95,FALSE,53,29-01-2025
324,P324,Books,3,1081,3,1048.57,1005.33,TRUE,59,25-01-2025
325,P325,Kitchen,1,2468,22,1925.04,2171.84,TRUE,42,19-04-2025
326,P326,Fitness,1,412,19,333.72,391.4,TRUE,56,18-04-2025
327,P327,Fitness,1,4241,31,2926.29,3859.31,FALSE,26,09-01-2025
328,P328,Electronics,4,212,44,118.72,186.56,TRUE,68,05-04-2025
329,P329,Fitness,2,1547,39,943.67,1392.3,TRUE,48,04-01-2025
330,P330,Books,5,972,30,680.4,845.64,FALSE,59,14-04-2025
331,P331,Kitchen,2,4822,18,3954.04,3905.82,TRUE,18,01-06-2025
332,P332,Kitchen,2,3586,43,2044.02,3119.82,FALSE,46,14-05-2025
333,P333,Kitchen,4,1951,3,1892.47,1677.86,TRUE,47,13-06-2025
334,P334,Kitchen,1,3517,6,3305.98,2989.45,FALSE,25,20-02-2025
335,P335,Fitness,5,1856,21,1466.24,1744.64,FALSE,57,06-02-2025
336,P336,Kitchen,1,1516,2,1485.68,1273.44,TRUE,39,06-01-2025
337,P337,Books,4,4609,10,4148.1,3687.2,TRUE,26,01-02-2025
338,P338,Books,3,3434,24,2609.84,3262.3,FALSE,41,01-02-2025
339,P339,Books,2,932,5,885.4,838.8,TRUE,51,16-03-2025
340,P340,Fitness,4,4536,31,3129.84,3719.52,TRUE,32,10-03-2025
341,P341,Electronics,3,102,30,71.4,84.66,TRUE,59,02-02-2025
342,P342,Electronics,4,1932,11,1719.48,1777.44,TRUE,51,22-02-2025
343,P343,Books,1,866,33,580.22,727.44,FALSE,52,02-06-2025
344,P344,Electronics,3,2807,2,2750.86,2357.88,TRUE,36,13-01-2025
345,P345,Fitness,2,2590,3,2512.3,2305.1,FALSE,33,27-05-2025
346,P346,Electronics,5,3445,15,2928.25,3272.75,TRUE,42,01-04-2025
347,P347,Kitchen,5,4674,39,2851.14,4300.08,TRUE,40,17-02-2025
348,P348,Books,5,3417,30,2391.9,3211.98,TRUE,41,21-06-2025
349,P349,Kitchen,3,4522,7,4205.46,3753.26,FALSE,23,27-06-2025
350,P350,Books,4,4287,39,2615.07,3772.56,FALSE,40,28-01-2025
351,P351,Fitness,4,4096,26,3031.04,3686.4,FALSE,34,05-01-2025
352,P352,Books,4,3205,31,2211.45,2948.6,FALSE,44,29-06-2025
353,P353,Books,1,1682,2,1648.36,1480.16,TRUE,46,10-05-2025
354,P354,Books,5,3558,39,2170.38,3380.1,TRUE,51,15-01-2025
355,P355,Fitness,2,2880,29,2044.8,2361.6,TRUE,36,23-02-2025
356,P356,Electronics,5,4801,44,2688.56,3936.82,TRUE,44,13-04-2025
357,P357,Books,4,2432,17,2018.56,1969.92,TRUE,46,04-06-2025
358,P358,Kitchen,1,3368,5,3199.6,2930.16,FALSE,30,07-06-2025
359,P359,Electronics,3,2983,41,1759.97,2684.7,FALSE,46,31-01-2025
360,P360,Books,3,913,26,675.62,757.79,TRUE,57,12-04-2025
361,P361,Books,2,2253,0,2253,1847.46,FALSE,37,21-06-2025
362,P362,Fitness,5,4158,18,3409.56,3742.2,TRUE,31,23-06-2025
363,P363,Kitchen,1,4924,21,3889.96,4333.12,FALSE,17,22-04-2025
364,P364,Electronics,3,3290,13,2862.3,2664.9,FALSE,37,23-05-2025
365,P365,Books,2,3486,29,2475.06,2997.96,FALSE,35,24-03-2025
366,P366,Fitness,2,1977,43,1126.89,1640.91,FALSE,47,21-03-2025
367,P367,Books,1,104,16,87.36,88.4,TRUE,53,06-04-2025
368,P368,Electronics,4,2604,7,2421.72,2083.2,FALSE,46,02-02-2025
369,P369,Kitchen,5,399,48,207.48,347.13,FALSE,71,09-05-2025
370,P370,Kitchen,2,2853,36,1825.92,2653.29,FALSE,41,17-05-2025
371,P371,Electronics,5,1497,3,1452.09,1287.42,FALSE,60,24-04-2025
372,P372,Kitchen,2,3677,20,2941.6,3051.91,TRUE,29,26-05-2025
373,P373,Electronics,5,4469,27,3262.37,3932.72,TRUE,38,15-04-2025
374,P374,Books,5,1035,16,869.4,931.5,FALSE,59,11-04-2025
375,P375,Books,1,15,2,14.7,14.1,TRUE,58,10-01-2025
376,P376,Fitness,1,803,11,714.67,666.49,TRUE,48,08-03-2025
377,P377,Kitchen,5,771,47,408.63,709.32,FALSE,67,08-04-2025
378,P378,Electronics,3,93,24,70.68,87.42,TRUE,58,10-03-2025
379,P379,Books,1,4214,9,3834.74,3497.62,FALSE,21,14-01-2025
380,P380,Kitchen,4,2032,33,1361.44,1706.88,TRUE,54,06-04-2025
381,P381,Electronics,4,3942,49,2010.42,3508.38,TRUE,43,21-06-2025
382,P382,Electronics,1,2158,40,1294.8,1942.2,FALSE,43,31-03-2025
383,P383,Books,4,1433,42,831.14,1318.36,FALSE,58,08-02-2025
384,P384,Books,1,4108,41,2423.72,3861.52,FALSE,37,26-04-2025
385,P385,Books,4,3024,1,2993.76,2812.32,FALSE,32,28-05-2025
386,P386,Kitchen,3,4465,23,3438.05,3705.95,FALSE,25,05-06-2025
387,P387,Kitchen,5,1546,28,1113.12,1453.24,FALSE,59,23-05-2025
388,P388,Kitchen,2,1287,42,746.46,1106.82,FALSE,58,28-06-2025
389,P389,Books,4,4001,13,3480.87,3400.85,FALSE,37,28-02-2025
390,P390,Electronics,4,3931,7,3655.83,3734.45,FALSE,33,02-02-2025
391,P391,Fitness,5,506,29,359.26,465.52,TRUE,71,16-03-2025
392,P392,Fitness,1,1725,32,1173,1569.75,FALSE,50,26-02-2025
393,P393,Electronics,3,1818,18,1490.76,1472.58,FALSE,47,28-01-2025
394,P394,Electronics,4,2221,35,1443.65,2109.95,TRUE,48,20-02-2025
395,P395,Electronics,5,1042,23,802.34,875.28,TRUE,58,12-01-2025
396,P396,Kitchen,5,4172,13,3629.64,3504.48,FALSE,35,01-01-2025
397,P397,Kitchen,2,2058,50,1029,1790.46,FALSE,54,14-05-2025
398,P398,Books,4,4026,48,2093.52,3542.88,FALSE,49,04-05-2025
399,P399,Electronics,4,1077,5,1023.15,883.14,FALSE,57,23-03-2025
400,P400,Electronics,1,119,0,119,102.34,FALSE,56,14-01-2025
401,P401,Books,2,2972,27,2169.56,2615.36,FALSE,40,24-02-2025
402,P402,Kitchen,5,1795,10,1615.5,1436,FALSE,50,26-05-2025
403,P403,Electronics,2,4575,44,2562,4026,FALSE,35,27-06-2025
404,P404,Fitness,2,591,10,531.9,549.63,FALSE,52,15-02-2025
405,P405,Books,3,4467,14,3841.62,3930.96,FALSE,22,18-06-2025
406,P406,Electronics,4,3310,31,2283.9,2879.7,FALSE,49,24-04-2025
407,P407,Electronics,3,3944,17,3273.52,3312.96,TRUE,31,27-03-2025
408,P408,Electronics,5,3536,8,3253.12,3323.84,TRUE,35,14-02-2025
409,P409,Electronics,1,3432,45,1887.6,3088.8,FALSE,35,16-02-2025
410,P410,Kitchen,1,1753,28,1262.16,1490.05,FALSE,49,02-02-2025
411,P411,Books,3,1942,40,1165.2,1689.54,FALSE,47,03-04-2025
412,P412,Fitness,3,3556,25,2667,3307.08,FALSE,41,04-04-2025
413,P413,Electronics,1,2581,48,1342.12,2090.61,FALSE,47,28-05-2025
414,P414,Fitness,1,2410,29,1711.1,2169,FALSE,36,14-01-2025
415,P415,Fitness,4,4786,21,3780.94,4020.24,TRUE,31,12-03-2025
416,P416,Books,3,3471,1,3436.29,3193.32,FALSE,30,08-05-2025
417,P417,Electronics,4,997,22,777.66,897.3,TRUE,63,22-06-2025
418,P418,Fitness,5,1198,28,862.56,1102.16,TRUE,64,10-06-2025
419,P419,Books,2,4426,47,2345.78,4071.92,TRUE,36,23-06-2025
420,P420,Books,3,1035,32,703.8,921.15,TRUE,53,23-01-2025
421,P421,Kitchen,3,2701,8,2484.92,2160.8,TRUE,35,02-01-2025
422,P422,Fitness,2,3752,11,3339.28,3189.2,FALSE,33,29-05-2025
423,P423,Electronics,4,756,29,536.76,703.08,TRUE,67,06-06-2025
424,P424,Electronics,3,2646,21,2090.34,2196.18,FALSE,47,03-03-2025
425,P425,Books,5,1785,36,1142.4,1695.75,FALSE,58,07-03-2025
426,P426,Fitness,2,2536,47,1344.08,2079.52,TRUE,44,04-03-2025
427,P427,Books,4,2627,29,1865.17,2364.3,FALSE,51,15-06-2025
428,P428,Fitness,1,41,27,29.93,35.26,FALSE,53,01-02-2025
429,P429,Fitness,2,2176,20,1740.8,1762.56,FALSE,42,03-03-2025
430,P430,Electronics,4,4567,1,4521.33,4292.98,TRUE,25,21-05-2025
431,P431,Kitchen,2,2291,19,1855.71,2130.63,FALSE,44,15-04-2025
432,P432,Fitness,1,2852,22,2224.56,2481.24,FALSE,40,23-04-2025
433,P433,Kitchen,5,3183,22,2482.74,2769.21,FALSE,47,10-04-2025
434,P434,Books,5,4741,38,2939.42,4266.9,FALSE,37,13-04-2025
435,P435,Books,5,719,5,683.05,596.77,TRUE,65,11-02-2025
436,P436,Books,3,2228,15,1893.8,2116.6,TRUE,41,06-01-2025
437,P437,Fitness,2,1634,44,915.04,1519.62,TRUE,54,01-03-2025
438,P438,Electronics,5,49,31,33.81,43.61,FALSE,74,07-01-2025
439,P439,Fitness,3,4267,28,3072.24,3626.95,TRUE,32,10-04-2025
440,P440,Books,4,1926,41,1136.34,1560.06,TRUE,52,25-05-2025
441,P441,Books,4,3143,32,2137.24,2828.7,FALSE,51,27-01-2025
442,P442,Kitchen,4,2379,36,1522.56,1974.57,FALSE,56,17-04-2025
443,P443,Fitness,3,84,19,68.04,72.24,TRUE,62,15-06-2025
444,P444,Books,5,3008,41,1774.72,2707.2,TRUE,53,01-01-2025
445,P445,Kitchen,1,1373,6,1290.62,1153.32,TRUE,43,02-02-2025
446,P446,Kitchen,1,4444,6,4177.36,3999.6,FALSE,14,22-06-2025
447,P447,Books,5,4243,41,2503.37,3436.83,TRUE,49,17-05-2025
448,P448,Electronics,1,446,7,414.78,414.78,FALSE,49,10-04-2025
449,P449,Electronics,1,963,43,548.91,837.81,TRUE,55,30-04-2025
450,P450,Kitchen,1,2586,1,2560.14,2094.66,FALSE,27,20-02-2025
451,P451,Electronics,1,4018,3,3897.46,3576.02,TRUE,24,02-01-2025
452,P452,Books,3,485,18,397.7,441.35,FALSE,57,16-01-2025
453,P453,Fitness,1,199,15,169.15,167.16,TRUE,54,19-05-2025
454,P454,Books,4,4177,3,4051.69,3466.91,FALSE,30,11-05-2025
455,P455,Kitchen,1,3247,14,2792.42,2662.54,FALSE,29,24-05-2025
456,P456,Fitness,2,2232,42,1294.56,1785.6,TRUE,53,25-06-2025
457,P457,Electronics,5,2481,20,1984.8,2034.42,TRUE,51,13-04-2025
458,P458,Kitchen,2,4647,21,3671.13,4089.36,TRUE,21,23-04-2025
459,P459,Kitchen,4,4995,19,4045.95,4395.6,TRUE,31,25-01-2025
460,P460,Books,5,1669,42,968.02,1418.65,TRUE,60,03-02-2025
461,P461,Books,3,4563,25,3422.25,3650.4,TRUE,26,03-05-2025
462,P462,Electronics,3,4988,17,4140.04,4588.96,TRUE,19,30-05-2025
463,P463,Electronics,3,3189,38,1977.18,2710.65,TRUE,43,24-04-2025
464,P464,Books,4,1387,38,859.94,1192.82,FALSE,53,03-04-2025
465,P465,Kitchen,1,2061,36,1319.04,1896.12,TRUE,44,28-05-2025
466,P466,Kitchen,1,1382,17,1147.06,1257.62,FALSE,42,22-05-2025
467,P467,Books,2,4193,29,2977.03,3564.05,FALSE,33,05-06-2025
468,P468,Books,5,2829,36,1810.56,2687.55,FALSE,50,24-02-2025
469,P469,Electronics,3,1170,6,1099.8,1029.6,TRUE,50,04-02-2025
470,P470,Books,3,2109,10,1898.1,1940.28,TRUE,44,27-02-2025
471,P471,Books,4,2375,38,1472.5,2042.5,TRUE,56,23-04-2025
472,P472,Kitchen,3,2105,6,1978.7,1747.15,FALSE,40,31-01-2025
473,P473,Fitness,2,428,41,252.52,372.36,FALSE,61,29-05-2025
474,P474,Electronics,1,4979,27,3634.67,4431.31,TRUE,25,03-04-2025
475,P475,Fitness,1,4323,19,3501.63,3933.93,FALSE,21,27-02-2025
476,P476,Fitness,5,4084,47,2164.52,3553.08,FALSE,43,25-02-2025
477,P477,Fitness,2,4416,10,3974.4,3886.08,TRUE,18,03-06-2025
478,P478,Electronics,4,3495,43,1992.15,3250.35,FALSE,46,18-02-2025
479,P479,Electronics,3,2599,6,2443.06,2183.16,FALSE,40,13-04-2025
480,P480,Books,4,4334,17,3597.22,3727.24,TRUE,26,12-03-2025
481,P481,Electronics,4,951,44,532.56,760.8,TRUE,60,02-02-2025
482,P482,Books,5,4739,11,4217.71,4502.05,FALSE,30,29-05-2025
483,P483,Books,3,4571,34,3016.86,4205.32,TRUE,30,21-06-2025
484,P484,Books,4,4194,31,2893.86,3732.66,TRUE,37,09-04-2025
485,P485,Electronics,3,688,10,619.2,619.2,FALSE,59,15-03-2025
486,P486,Electronics,4,3043,34,2008.38,2799.56,FALSE,48,05-04-2025
487,P487,Electronics,5,1885,16,1583.4,1753.05,FALSE,50,19-01-2025
488,P488,Electronics,3,3702,21,2924.58,3072.66,TRUE,30,11-05-2025
489,P489,Electronics,1,2136,2,2093.28,1986.48,TRUE,42,08-01-2025
490,P490,Fitness,4,307,45,168.85,282.44,TRUE,66,20-03-2025
491,P491,Kitchen,5,798,18,654.36,750.12,TRUE,68,19-01-2025
492,P492,Fitness,4,3991,23,3073.07,3192.8,FALSE,35,02-02-2025
493,P493,Kitchen,3,4847,8,4459.24,4168.42,FALSE,21,28-03-2025
494,P494,Fitness,5,3142,12,2764.96,2639.28,FALSE,47,18-04-2025
495,P495,Kitchen,3,3728,25,2796,3206.08,FALSE,37,11-02-2025
496,P496,Kitchen,5,788,2,772.24,677.68,TRUE,67,05-01-2025
497,P497,Electronics,3,2899,39,1768.39,2464.15,TRUE,41,25-04-2025
498,P498,Electronics,5,1047,10,942.3,910.89,FALSE,64,27-06-2025
499,P499,Electronics,3,1644,42,953.52,1561.8,FALSE,49,11-03-2025
500,P500,Kitchen,1,4501,14,3870.86,4275.95,FALSE,22,26-03-2025
501,P501,Fitness,5,895,11,796.55,832.35,FALSE,58,08-01-2025
502,P502,Kitchen,3,4486,22,3499.08,3768.24,FALSE,32,16-05-2025
503,P503,Electronics,3,2787,6,2619.78,2564.04,TRUE,37,07-05-2025
504,P504,Kitchen,1,586,27,427.78,544.98,FALSE,53,03-02-2025
505,P505,Electronics,4,1022,3,991.34,868.7,FALSE,62,15-03-2025
506,P506,Books,5,2888,40,1732.8,2512.56,FALSE,48,10-06-2025
507,P507,Fitness,2,1456,17,1208.48,1295.84,FALSE,49,23-02-2025
508,P508,Electronics,4,3434,24,2609.84,2747.2,TRUE,40,14-01-2025
509,P509,Books,5,1723,15,1464.55,1550.7,FALSE,60,24-01-2025
510,P510,Books,1,1486,36,951.04,1411.7,TRUE,46,24-04-2025
511,P511,Fitness,5,3635,4,3489.6,3416.9,TRUE,30,06-03-2025
512,P512,Fitness,5,1219,47,646.07,1133.67,TRUE,67,14-02-2025
513,P513,Electronics,4,2501,0,2501,2350.94,TRUE,44,17-01-2025
514,P514,Books,4,2140,43,1219.8,1968.8,FALSE,55,02-04-2025
515,P515,Electronics,5,1923,39,1173.03,1653.78,TRUE,57,25-05-2025
516,P516,Books,2,819,30,573.3,663.39,TRUE,51,22-04-2025
517,P517,Kitchen,1,794,19,643.14,651.08,FALSE,48,19-03-2025
518,P518,Kitchen,4,1351,45,743.05,1094.31,TRUE,64,10-01-2025
519,P519,Kitchen,3,1463,18,1199.66,1389.85,FALSE,49,16-03-2025
520,P520,Electronics,1,4665,21,3685.35,3825.3,TRUE,20,22-04-2025
521,P521,Books,4,3260,44,1825.6,3031.8,FALSE,49,03-03-2025
522,P522,Electronics,1,746,43,425.22,596.8,TRUE,54,16-02-2025
523,P523,Electronics,4,1407,8,1294.44,1280.37,TRUE,55,26-06-2025
524,P524,Electronics,4,3025,47,1603.25,2662,TRUE,48,10-04-2025
525,P525,Kitchen,3,4765,38,2954.3,4240.85,TRUE,34,27-02-2025
526,P526,Fitness,1,4660,28,3355.2,4287.2,TRUE,28,07-01-2025
527,P527,Books,3,4566,49,2328.66,3972.42,FALSE,46,13-06-2025
528,P528,Electronics,4,1081,16,908.04,864.8,TRUE,61,02-06-2025
529,P529,Electronics,1,1542,30,1079.4,1356.96,TRUE,51,15-04-2025
530,P530,Electronics,1,432,43,246.24,393.12,FALSE,51,13-05-2025
531,P531,Fitness,2,1574,37,991.62,1385.12,TRUE,56,22-03-2025
532,P532,Kitchen,1,1581,37,996.03,1391.28,TRUE,45,02-04-2025
533,P533,Books,2,4611,19,3734.91,3873.24,TRUE,23,20-06-2025
534,P534,Fitness,1,373,34,246.18,335.7,TRUE,54,30-01-2025
535,P535,Books,2,1633,11,1453.37,1535.02,FALSE,46,21-06-2025
536,P536,Fitness,5,1744,29,1238.24,1639.36,FALSE,62,25-05-2025
537,P537,Kitchen,2,1375,4,1320,1210,FALSE,47,22-06-2025
538,P538,Books,4,2824,24,2146.24,2343.92,FALSE,42,13-04-2025
539,P539,Fitness,4,100,36,64,88,TRUE,62,18-04-2025
540,P540,Books,3,30,50,15,27.9,FALSE,59,14-03-2025
541,P541,Kitchen,1,4870,42,2824.6,4431.7,TRUE,28,14-05-2025
542,P542,Kitchen,4,1779,3,1725.63,1529.94,FALSE,47,20-02-2025
543,P543,Electronics,1,111,40,66.6,97.68,FALSE,61,13-05-2025
544,P544,Kitchen,4,1057,11,940.73,856.17,FALSE,54,23-06-2025
545,P545,Kitchen,5,4888,28,3519.36,4496.96,TRUE,37,10-05-2025
546,P546,Kitchen,3,4060,50,2030,3532.2,TRUE,49,31-01-2025
547,P547,Electronics,2,3530,40,2118,3000.5,FALSE,44,28-02-2025
548,P548,Kitchen,1,3462,19,2804.22,2873.46,TRUE,33,16-04-2025
549,P549,Books,1,1156,7,1075.08,1005.72,TRUE,46,30-05-2025
550,P550,Books,3,4650,45,2557.5,4231.5,FALSE,37,17-04-2025
551,P551,Electronics,3,4988,22,3890.64,4239.8,FALSE,25,08-03-2025
552,P552,Electronics,4,2628,13,2286.36,2470.32,TRUE,42,18-06-2025
553,P553,Fitness,3,4562,50,2281,3968.94,TRUE,39,15-04-2025
554,P554,Kitchen,2,2412,48,1254.24,1953.72,TRUE,51,22-05-2025
555,P555,Electronics,2,1007,19,815.67,906.3,FALSE,54,13-01-2025
556,P556,Books,4,2037,5,1935.15,1874.04,FALSE,43,09-04-2025
557,P557,Kitchen,5,4222,14,3630.92,3630.92,TRUE,30,23-06-2025
558,P558,Kitchen,2,1647,11,1465.83,1334.07,TRUE,49,04-02-2025
559,P559,Electronics,4,3173,31,2189.37,2697.05,TRUE,44,18-01-2025
560,P560,Books,3,4060,15,3451,3451,TRUE,27,14-04-2025
561,P561,Kitchen,5,4114,14,3538.04,3414.62,TRUE,31,10-02-2025
562,P562,Fitness,5,322,2,315.56,270.48,TRUE,68,25-06-2025
563,P563,Fitness,1,1417,13,1232.79,1161.94,TRUE,50,29-05-2025
564,P564,Electronics,1,825,32,561,734.25,FALSE,50,02-06-2025
565,P565,Kitchen,3,4194,37,2642.22,3858.48,TRUE,38,15-01-2025
566,P566,Books,3,1943,41,1146.37,1573.83,FALSE,56,19-04-2025
567,P567,Fitness,5,2461,9,2239.51,2116.46,FALSE,45,08-01-2025
568,P568,Fitness,3,3842,49,1959.42,3611.48,FALSE,41,13-06-2025
569,P569,Books,1,3294,32,2239.92,2898.72,TRUE,40,24-01-2025
570,P570,Electronics,2,3921,13,3411.27,3450.48,FALSE,29,16-01-2025
571,P571,Books,5,1570,23,1208.9,1271.7,FALSE,59,23-06-2025
572,P572,Fitness,5,1224,46,660.96,991.44,FALSE,59,27-02-2025
573,P573,Books,3,4188,31,2889.72,3559.8,TRUE,33,13-06-2025
574,P574,Electronics,5,355,48,184.6,333.7,TRUE,69,26-06-2025
575,P575,Fitness,4,1076,34,710.16,1011.44,FALSE,58,16-01-2025
576,P576,Electronics,4,4382,30,3067.4,3724.7,TRUE,36,06-06-2025
577,P577,Electronics,2,1584,41,934.56,1488.96,FALSE,54,29-03-2025
578,P578,Electronics,1,4030,32,2740.4,3465.8,TRUE,28,08-03-2025
579,P579,Electronics,1,1132,23,871.64,984.84,TRUE,51,04-05-2025
580,P580,Books,5,4824,7,4486.32,4245.12,FALSE,28,20-03-2025
581,P581,Fitness,4,678,17,562.74,569.52,TRUE,62,12-01-2025
582,P582,Electronics,1,2748,22,2143.44,2418.24,FALSE,41,25-01-2025
583,P583,Fitness,5,4732,0,4732,4400.76,TRUE,24,01-01-2025
584,P584,Electronics,5,409,35,265.85,372.19,TRUE,63,04-02-2025
585,P585,Kitchen,2,855,7,795.15,778.05,FALSE,49,19-02-2025
586,P586,Books,2,465,19,376.65,427.8,FALSE,58,07-04-2025
587,P587,Books,4,1824,6,1714.56,1659.84,TRUE,53,10-05-2025
588,P588,Books,4,1423,19,1152.63,1238.01,TRUE,57,13-02-2025
589,P589,Kitchen,1,1954,24,1485.04,1602.28,TRUE,46,27-04-2025
590,P590,Electronics,1,4934,7,4588.62,4440.6,FALSE,13,19-02-2025
591,P591,Books,5,1656,36,1059.84,1391.04,TRUE,64,04-04-2025
592,P592,Kitchen,1,2421,30,1694.7,2106.27,FALSE,38,28-03-2025
593,P593,Fitness,2,2142,26,1585.08,1842.12,TRUE,49,08-01-2025
594,P594,Fitness,3,4442,22,3464.76,3686.86,FALSE,24,12-03-2025
595,P595,Electronics,5,2694,42,1562.52,2397.66,FALSE,51,08-02-2025
596,P596,Kitchen,2,4565,50,2282.5,3743.3,FALSE,42,19-04-2025
597,P597,Books,5,4120,2,4037.6,3831.6,TRUE,28,15-03-2025
598,P598,Fitness,5,3532,40,2119.2,2860.92,FALSE,54,01-05-2025
599,P599,Kitchen,4,2364,32,1607.52,1891.2,FALSE,55,27-04-2025
600,P600,Books,5,627,49,319.77,589.38,TRUE,63,14-01-2025
601,P601,Kitchen,5,3644,13,3170.28,3024.52,FALSE,41,18-04-2025
602,P602,Books,4,1242,50,621,1179.9,TRUE,63,22-02-2025
603,P603,Electronics,2,717,35,466.05,652.47,FALSE,54,16-01-2025
604,P604,Books,3,3702,21,2924.58,3479.88,TRUE,33,04-04-2025
605,P605,Fitness,1,4480,20,3584,4076.8,TRUE,26,08-06-2025
606,P606,Kitchen,5,3473,25,2604.75,2847.86,TRUE,42,12-01-2025
607,P607,Kitchen,1,139,13,120.93,122.32,FALSE,60,17-06-2025
608,P608,Electronics,4,3695,14,3177.7,3362.45,FALSE,36,04-02-2025
609,P609,Fitness,4,1704,36,1090.56,1448.4,FALSE,51,20-04-2025
610,P610,Books,2,3282,31,2264.58,3117.9,TRUE,34,18-03-2025
611,P611,Fitness,5,2603,14,2238.58,2108.43,FALSE,51,11-06-2025
612,P612,Kitchen,4,1001,33,670.67,870.87,TRUE,61,02-02-2025
613,P613,Books,1,1512,45,831.6,1209.6,TRUE,47,12-06-2025
614,P614,Kitchen,4,3871,25,2903.25,3445.19,FALSE,42,10-01-2025
615,P615,Books,4,1543,50,771.5,1234.4,TRUE,60,04-02-2025
616,P616,Fitness,1,214,45,117.7,179.76,TRUE,60,23-04-2025
617,P617,Fitness,5,4602,26,3405.48,3773.64,TRUE,33,08-03-2025
618,P618,Kitchen,3,4980,37,3137.4,4482,FALSE,31,28-02-2025
619,P619,Books,1,642,3,622.74,552.12,FALSE,52,25-02-2025
620,P620,Books,3,2711,40,1626.6,2439.9,TRUE,45,15-06-2025
621,P621,Books,3,3184,38,1974.08,2579.04,FALSE,45,25-02-2025
622,P622,Electronics,2,1653,40,991.8,1487.7,FALSE,56,15-03-2025
623,P623,Kitchen,3,3297,25,2472.75,3132.15,FALSE,37,09-04-2025
624,P624,Fitness,5,3709,28,2670.48,3523.55,TRUE,38,22-05-2025
625,P625,Books,1,3887,46,2098.98,3420.56,TRUE,38,18-06-2025
626,P626,Kitchen,5,2228,50,1114,1849.24,TRUE,56,06-03-2025
627,P627,Books,1,2230,47,1181.9,1895.5,TRUE,51,13-02-2025
628,P628,Kitchen,5,3142,28,2262.24,2576.44,FALSE,52,07-05-2025
629,P629,Kitchen,1,1762,36,1127.68,1673.9,FALSE,46,03-06-2025
630,P630,Books,4,2491,27,1818.43,2366.45,FALSE,46,07-02-2025
631,P631,Electronics,4,1810,14,1556.6,1665.2,TRUE,48,01-03-2025
632,P632,Fitness,4,143,18,117.26,125.84,FALSE,61,06-01-2025
633,P633,Fitness,5,4456,31,3074.64,4233.2,TRUE,39,12-05-2025
634,P634,Electronics,2,2350,17,1950.5,2068,FALSE,39,18-05-2025
635,P635,Fitness,5,1434,8,1319.28,1204.56,TRUE,61,17-04-2025
636,P636,Electronics,3,2953,46,1594.62,2805.35,FALSE,50,08-02-2025
637,P637,Books,3,4202,46,2269.08,3529.68,FALSE,37,23-01-2025
638,P638,Fitness,2,269,40,161.4,220.58,FALSE,64,19-03-2025
639,P639,Kitchen,2,2827,42,1639.66,2572.57,TRUE,44,04-04-2025
640,P640,Books,3,960,1,950.4,768,TRUE,58,24-01-2025
641,P641,Electronics,4,4810,45,2645.5,4377.1,TRUE,39,20-06-2025
642,P642,Electronics,1,127,45,69.85,106.68,FALSE,56,25-01-2025
643,P643,Books,5,4518,2,4427.64,3795.12,FALSE,23,02-02-2025
644,P644,Kitchen,1,4665,21,3685.35,3965.25,FALSE,22,16-06-2025
645,P645,Electronics,1,230,3,223.1,211.6,FALSE,52,13-05-2025
646,P646,Books,3,1355,36,867.2,1192.4,FALSE,56,04-05-2025
647,P647,Kitchen,4,128,7,119.04,103.68,TRUE,61,24-02-2025
648,P648,Books,1,2253,35,1464.45,1824.93,FALSE,47,17-06-2025
649,P649,Fitness,2,3972,47,2105.16,3217.32,TRUE,41,17-01-2025
650,P650,Fitness,3,3869,18,3172.58,3172.58,TRUE,30,02-01-2025
651,P651,Books,3,180,39,109.8,149.4,FALSE,66,28-03-2025
652,P652,Kitchen,1,3472,16,2916.48,2881.76,FALSE,34,04-05-2025
653,P653,Fitness,2,4850,15,4122.5,4219.5,FALSE,23,14-04-2025
654,P654,Fitness,2,1596,31,1101.24,1516.2,FALSE,46,10-04-2025
655,P655,Electronics,1,3220,6,3026.8,2608.2,TRUE,25,19-03-2025
656,P656,Books,1,4452,19,3606.12,4051.32,FALSE,26,04-04-2025
657,P657,Electronics,1,330,42,191.4,273.9,FALSE,54,01-01-2025
658,P658,Fitness,5,881,13,766.47,819.33,FALSE,62,26-01-2025
659,P659,Electronics,1,1559,20,1247.2,1371.92,FALSE,46,11-02-2025
660,P660,Electronics,5,3113,11,2770.57,2646.05,FALSE,47,08-01-2025
661,P661,Electronics,2,4106,38,2545.72,3449.04,TRUE,33,12-06-2025
662,P662,Electronics,3,2658,36,1701.12,2259.3,TRUE,44,30-06-2025
663,P663,Fitness,4,3333,16,2799.72,2833.05,TRUE,38,04-02-2025
664,P664,Books,1,612,5,581.4,544.68,TRUE,51,19-06-2025
665,P665,Books,4,3767,50,1883.5,3164.28,FALSE,53,30-05-2025
666,P666,Fitness,2,3267,9,2972.97,2678.94,TRUE,36,10-02-2025
667,P667,Fitness,4,493,20,394.4,438.77,TRUE,68,16-01-2025
668,P668,Books,3,3043,44,1704.08,2556.12,FALSE,47,01-03-2025
669,P669,Kitchen,3,3152,48,1639.04,2710.72,TRUE,50,06-03-2025
670,P670,Kitchen,3,2301,47,1219.53,2162.94,FALSE,57,13-04-2025
671,P671,Electronics,3,932,10,838.8,754.92,TRUE,56,10-06-2025
672,P672,Kitchen,2,2980,39,1817.8,2711.8,TRUE,48,14-02-2025
673,P673,Kitchen,2,2295,24,1744.2,1858.95,TRUE,47,05-01-2025
674,P674,Electronics,4,2226,50,1113,1892.1,TRUE,56,22-03-2025
675,P675,Books,4,3110,49,1586.1,2612.4,TRUE,48,14-04-2025
676,P676,Fitness,4,3009,23,2316.93,2738.19,TRUE,41,13-03-2025
677,P677,Books,3,4696,27,3428.08,4320.32,TRUE,31,16-04-2025
678,P678,Electronics,5,2380,15,2023,2070.6,FALSE,47,05-02-2025
679,P679,Fitness,4,2044,19,1655.64,1921.36,TRUE,49,23-06-2025
680,P680,Kitchen,5,3114,12,2740.32,2553.48,FALSE,40,30-03-2025
681,P681,Kitchen,4,4576,24,3477.76,4347.2,FALSE,27,19-05-2025
682,P682,Books,5,3998,13,3478.26,3438.28,TRUE,35,27-05-2025
683,P683,Electronics,3,3125,28,2250,2687.5,FALSE,42,27-01-2025
684,P684,Kitchen,4,4410,37,2778.3,4057.2,FALSE,41,16-06-2025
685,P685,Kitchen,3,3983,28,2867.76,3305.89,FALSE,33,07-01-2025
686,P686,Fitness,5,2898,22,2260.44,2695.14,FALSE,49,11-03-2025
687,P687,Books,3,152,46,82.08,127.68,FALSE,62,07-05-2025
688,P688,Fitness,4,1583,45,870.65,1488.02,TRUE,60,24-06-2025
689,P689,Books,4,1357,19,1099.17,1289.15,FALSE,60,03-04-2025
690,P690,Fitness,2,2513,30,1759.1,2010.4,FALSE,42,01-05-2025
691,P691,Electronics,3,2365,41,1395.35,1892,FALSE,52,11-03-2025
692,P692,Fitness,5,3007,26,2225.18,2525.88,TRUE,52,22-05-2025
693,P693,Books,3,2631,31,1815.39,2446.83,FALSE,44,05-02-2025
694,P694,Fitness,4,2550,19,2065.5,2320.5,TRUE,43,16-01-2025
695,P695,Books,1,4447,30,3112.9,3868.89,FALSE,26,05-03-2025
696,P696,Electronics,4,632,11,562.48,600.4,TRUE,59,29-03-2025
697,P697,Kitchen,4,4385,50,2192.5,3683.4,FALSE,42,31-05-2025
698,P698,Books,2,1468,35,954.2,1379.92,FALSE,49,21-04-2025
699,P699,Books,5,1064,30,744.8,946.96,FALSE,68,17-01-2025
700,P700,Electronics,3,2352,4,2257.92,2022.72,TRUE,36,24-06-2025
701,P701,Electronics,2,3612,38,2239.44,3323.04,TRUE,42,18-03-2025
702,P702,Books,2,1458,30,1020.6,1239.3,FALSE,56,06-05-2025
703,P703,Electronics,2,3758,47,1991.74,3006.4,FALSE,38,16-06-2025
704,P704,Kitchen,1,1716,13,1492.92,1407.12,FALSE,43,29-03-2025
705,P705,Electronics,2,2296,19,1859.76,1836.8,FALSE,45,07-05-2025
706,P706,Books,4,147,19,119.07,129.36,TRUE,64,20-04-2025
707,P707,Kitchen,2,4152,33,2781.84,3944.4,FALSE,35,10-02-2025
708,P708,Kitchen,3,2969,6,2790.86,2404.89,TRUE,40,16-01-2025
709,P709,Books,4,3663,36,2344.32,3150.18,FALSE,47,11-04-2025
710,P710,Kitchen,1,1295,36,828.8,1191.4,FALSE,53,08-04-2025
711,P711,Electronics,5,2096,34,1383.36,1970.24,TRUE,51,15-02-2025
712,P712,Books,5,483,18,396.06,415.38,FALSE,67,05-06-2025
713,P713,Books,2,480,6,451.2,398.4,TRUE,51,17-02-2025
714,P714,Fitness,1,3457,33,2316.19,3111.3,TRUE,31,04-04-2025
715,P715,Electronics,2,4753,10,4277.7,4135.11,TRUE,15,10-04-2025
716,P716,Books,3,765,21,604.35,665.55,FALSE,63,20-06-2025
717,P717,Books,3,3731,32,2537.08,3096.73,FALSE,40,24-02-2025
718,P718,Kitchen,5,913,11,812.57,839.96,TRUE,61,17-03-2025
719,P719,Books,3,2967,30,2076.9,2610.96,FALSE,42,07-02-2025
720,P720,Fitness,2,1269,28,913.68,1167.48,FALSE,57,18-05-2025
721,P721,Fitness,3,1697,34,1120.02,1578.21,FALSE,55,19-06-2025
722,P722,Electronics,2,786,26,581.64,644.52,TRUE,50,06-06-2025
723,P723,Fitness,2,2001,11,1780.89,1820.91,TRUE,44,27-05-2025
724,P724,Kitchen,2,4486,36,2871.04,3768.24,TRUE,33,01-04-2025
725,P725,Electronics,2,423,45,232.65,351.09,TRUE,57,03-06-2025
726,P726,Electronics,2,4295,23,3307.15,3436,TRUE,24,19-02-2025
727,P727,Kitchen,4,2590,20,2072,2382.8,TRUE,48,28-04-2025
728,P728,Books,3,4419,45,2430.45,3756.15,FALSE,36,29-06-2025
729,P729,Electronics,5,2445,41,1442.55,1956,TRUE,51,01-06-2025
730,P730,Electronics,2,4859,29,3449.89,4081.56,TRUE,32,03-03-2025
731,P731,Electronics,5,1508,47,799.24,1372.28,FALSE,65,05-01-2025
732,P732,Electronics,1,1237,39,754.57,989.6,TRUE,50,19-03-2025
733,P733,Fitness,4,2861,32,1945.48,2374.63,TRUE,52,30-04-2025
734,P734,Fitness,1,3169,28,2281.68,2978.86,TRUE,40,09-06-2025
735,P735,Fitness,5,4293,5,4078.35,3606.12,FALSE,31,29-01-2025
736,P736,Electronics,4,1935,26,1431.9,1722.15,TRUE,56,06-01-2025
737,P737,Books,5,2862,23,2203.74,2633.04,TRUE,49,21-06-2025
738,P738,Electronics,5,643,6,604.42,610.85,FALSE,61,06-06-2025
739,P739,Fitness,2,4288,38,2658.56,3644.8,TRUE,36,11-04-2025
740,P740,Fitness,3,4331,0,4331,3984.52,TRUE,25,20-06-2025
741,P741,Books,4,2304,8,2119.68,1843.2,FALSE,47,26-02-2025
742,P742,Fitness,3,2138,34,1411.08,1881.44,TRUE,55,19-04-2025
743,P743,Kitchen,2,4640,43,2644.8,4361.6,FALSE,30,24-01-2025
744,P744,Kitchen,1,904,42,524.32,804.56,FALSE,55,05-01-2025
745,P745,Electronics,1,1203,44,673.68,1142.85,TRUE,52,28-04-2025
746,P746,Electronics,5,3587,30,2510.9,3048.95,TRUE,47,09-03-2025
747,P747,Books,1,2968,48,1543.36,2493.12,TRUE,45,03-03-2025
748,P748,Fitness,2,1690,28,1216.8,1352,TRUE,47,28-05-2025
749,P749,Books,4,1936,36,1239.04,1645.6,TRUE,53,21-01-2025
750,P750,Fitness,3,4987,45,2742.85,4488.3,TRUE,33,13-05-2025
751,P751,Fitness,2,1770,8,1628.4,1663.8,FALSE,45,16-02-2025
752,P752,Books,4,1819,15,1546.15,1473.39,TRUE,53,30-06-2025
753,P753,Fitness,4,4592,28,3306.24,4362.4,FALSE,32,24-04-2025
754,P754,Electronics,3,2282,47,1209.46,2167.9,FALSE,56,07-04-2025
755,P755,Kitchen,1,1439,19,1165.59,1165.59,FALSE,49,15-03-2025
756,P756,Books,1,434,25,325.5,386.26,FALSE,58,22-06-2025
757,P757,Books,5,3548,31,2448.12,2873.88,TRUE,50,15-02-2025
758,P758,Books,3,1430,42,829.4,1158.3,TRUE,56,13-01-2025
759,P759,Books,5,3342,18,2740.44,3007.8,FALSE,46,06-06-2025
760,P760,Electronics,4,1867,16,1568.28,1661.63,TRUE,50,08-03-2025
761,P761,Fitness,1,2863,28,2061.36,2319.03,TRUE,40,12-03-2025
762,P762,Books,4,4716,1,4668.84,4244.4,FALSE,21,14-01-2025
763,P763,Kitchen,5,2646,11,2354.94,2222.64,FALSE,45,20-02-2025
764,P764,Electronics,4,703,24,534.28,583.49,TRUE,64,19-05-2025
765,P765,Electronics,2,4286,45,2357.3,3857.4,TRUE,40,13-03-2025
766,P766,Electronics,5,3054,20,2443.2,2718.06,TRUE,44,09-02-2025
767,P767,Kitchen,1,1460,10,1314,1372.4,TRUE,40,05-05-2025
768,P768,Fitness,3,4734,2,4639.32,3881.88,FALSE,15,26-03-2025
769,P769,Electronics,2,254,7,236.22,205.74,TRUE,64,09-02-2025
770,P770,Kitchen,1,3385,0,3385,3148.05,FALSE,26,01-05-2025
771,P771,Fitness,3,2928,6,2752.32,2576.64,TRUE,35,28-03-2025
772,P772,Books,4,4184,28,3012.48,3430.88,TRUE,36,09-06-2025
773,P773,Fitness,3,2547,25,1910.25,2164.95,FALSE,44,11-01-2025
774,P774,Books,4,639,48,332.28,511.2,TRUE,60,08-05-2025
775,P775,Kitchen,1,2549,10,2294.1,2115.67,TRUE,31,06-03-2025
776,P776,Fitness,2,2639,17,2190.37,2401.49,TRUE,35,15-03-2025
777,P777,Fitness,4,907,37,571.41,843.51,TRUE,62,24-02-2025
778,P778,Books,3,4571,26,3382.54,4159.61,FALSE,34,23-03-2025
779,P779,Fitness,2,1553,6,1459.82,1397.7,FALSE,51,23-04-2025
780,P780,Kitchen,3,1918,23,1476.86,1822.1,TRUE,46,03-02-2025
781,P781,Fitness,5,4229,29,3002.59,3763.81,TRUE,39,21-06-2025
782,P782,Books,3,1427,23,1098.79,1241.49,FALSE,49,23-03-2025
783,P783,Kitchen,2,2596,36,1661.44,2128.72,FALSE,49,19-03-2025
784,P784,Kitchen,1,2178,40,1306.8,1785.96,FALSE,49,25-03-2025
785,P785,Electronics,5,4309,38,2671.58,3533.38,FALSE,48,15-01-2025
786,P786,Books,3,2370,48,1232.4,1967.1,TRUE,54,16-03-2025
787,P787,Fitness,1,2892,49,1474.92,2573.88,TRUE,45,10-03-2025
788,P788,Fitness,5,2731,4,2621.76,2403.28,TRUE,39,01-02-2025
789,P789,Electronics,3,691,22,538.98,656.45,TRUE,61,18-06-2025
790,P790,Fitness,1,2806,24,2132.56,2609.58,FALSE,41,02-05-2025
791,P791,Books,1,4139,18,3393.98,3766.49,FALSE,25,15-02-2025
792,P792,Electronics,1,940,40,564,836.6,FALSE,50,18-02-2025
793,P793,Fitness,2,562,9,511.42,505.8,FALSE,57,14-02-2025
794,P794,Books,1,3015,31,2080.35,2653.2,TRUE,41,17-03-2025
795,P795,Fitness,1,631,35,410.15,599.45,TRUE,59,30-04-2025
796,P796,Fitness,1,2667,2,2613.66,2453.64,FALSE,35,22-03-2025
797,P797,Kitchen,2,1610,40,966,1304.1,FALSE,47,02-02-2025
798,P798,Electronics,3,4158,10,3742.2,3659.04,FALSE,29,27-02-2025
799,P799,Books,2,2776,28,1998.72,2581.68,TRUE,40,25-04-2025
800,P800,Fitness,1,2863,19,2319.03,2319.03,FALSE,35,19-06-2025
801,P801,Books,2,3760,24,2857.6,3384,TRUE,30,23-04-2025
802,P802,Electronics,4,568,14,488.48,465.76,FALSE,65,08-04-2025
803,P803,Kitchen,1,855,39,521.55,795.15,TRUE,52,20-01-2025
804,P804,Books,4,3672,10,3304.8,3011.04,TRUE,33,07-01-2025
805,P805,Kitchen,3,4716,16,3961.44,3819.96,TRUE,20,21-02-2025
806,P806,Kitchen,2,2597,5,2467.15,2467.15,FALSE,32,17-01-2025
807,P807,Electronics,5,1250,10,1125,1125,TRUE,59,13-03-2025
808,P808,Books,5,2157,25,1617.75,1768.74,FALSE,50,19-05-2025
809,P809,Kitchen,3,896,17,743.68,752.64,TRUE,62,14-04-2025
810,P810,Books,2,974,18,798.68,876.6,TRUE,49,27-04-2025
811,P811,Books,3,2365,5,2246.75,2104.85,TRUE,42,01-03-2025
812,P812,Books,2,2198,28,1582.56,2066.12,TRUE,41,08-05-2025
813,P813,Kitchen,3,587,15,498.95,481.34,TRUE,55,19-05-2025
814,P814,Fitness,4,2259,43,1287.63,2146.05,FALSE,59,12-02-2025
815,P815,Electronics,4,4458,38,2763.96,4012.2,TRUE,38,08-03-2025
816,P816,Books,4,1738,30,1216.6,1425.16,TRUE,55,16-01-2025
817,P817,Fitness,1,3098,37,1951.74,2509.38,TRUE,39,15-05-2025
818,P818,Fitness,4,117,43,66.69,97.11,FALSE,64,21-01-2025
819,P819,Electronics,5,2848,35,1851.2,2278.4,TRUE,46,11-05-2025
820,P820,Fitness,1,3501,13,3045.87,2940.84,FALSE,30,25-03-2025
821,P821,Electronics,4,544,31,375.36,451.52,FALSE,68,20-04-2025
822,P822,Kitchen,4,772,18,633.04,717.96,TRUE,61,27-04-2025
823,P823,Kitchen,5,3994,8,3674.48,3235.14,TRUE,36,19-02-2025
824,P824,Fitness,1,2216,12,1950.08,2083.04,FALSE,39,03-06-2025
825,P825,Electronics,4,4347,13,3781.89,3738.42,FALSE,24,28-01-2025
826,P826,Electronics,2,116,1,114.84,110.2,FALSE,58,23-02-2025
827,P827,Kitchen,2,183,3,177.51,159.21,FALSE,60,07-06-2025
828,P828,Kitchen,4,621,41,366.39,521.64,FALSE,68,11-04-2025
829,P829,Books,4,975,7,906.75,828.75,TRUE,63,12-05-2025
830,P830,Books,1,2077,28,1495.44,1848.53,TRUE,38,20-03-2025
831,P831,Books,1,2197,4,2109.12,1977.3,TRUE,32,18-01-2025
832,P832,Kitchen,1,4071,35,2646.15,3501.06,FALSE,37,28-06-2025
833,P833,Electronics,3,3380,9,3075.8,2873,FALSE,35,26-04-2025
834,P834,Books,2,2079,1,2058.21,1808.73,TRUE,42,27-01-2025
835,P835,Electronics,3,4103,49,2092.53,3528.58,FALSE,48,23-03-2025
836,P836,Kitchen,5,2837,37,1787.31,2326.34,FALSE,53,29-01-2025
837,P837,Books,1,2390,46,1290.6,1959.8,TRUE,42,13-05-2025
838,P838,Fitness,5,3052,2,2990.96,2624.72,FALSE,45,15-02-2025
839,P839,Electronics,5,756,31,521.64,710.64,FALSE,64,19-03-2025
840,P840,Electronics,1,3423,5,3251.85,3046.47,TRUE,24,20-02-2025
841,P841,Fitness,5,2227,28,1603.44,1848.41,FALSE,51,01-01-2025
842,P842,Kitchen,2,2071,4,1988.16,1739.64,FALSE,39,17-03-2025
843,P843,Electronics,4,221,43,125.97,196.69,TRUE,67,01-05-2025
844,P844,Fitness,2,3649,16,3065.16,2919.2,FALSE,26,29-04-2025
845,P845,Electronics,3,1488,16,1249.92,1413.6,FALSE,57,22-02-2025
846,P846,Kitchen,4,750,43,427.5,600,FALSE,68,14-04-2025
847,P847,Books,2,1620,35,1053,1539,TRUE,53,04-04-2025
848,P848,Books,1,4018,9,3656.38,3294.76,FALSE,17,17-02-2025
849,P849,Electronics,4,2485,18,2037.7,2211.65,FALSE,42,27-05-2025
850,P850,Kitchen,5,3259,46,1759.86,2867.92,TRUE,54,14-02-2025
851,P851,Fitness,4,1161,32,789.48,1033.29,TRUE,64,30-04-2025
852,P852,Kitchen,3,3459,17,2870.97,2905.56,FALSE,40,14-02-2025
853,P853,Electronics,3,4831,25,3623.25,4444.52,FALSE,30,07-02-2025
854,P854,Books,5,499,11,444.11,449.1,FALSE,65,13-05-2025
855,P855,Books,4,4989,44,2793.84,3991.2,FALSE,39,22-06-2025
856,P856,Fitness,2,3758,50,1879,3081.56,TRUE,38,25-04-2025
857,P857,Kitchen,5,3514,40,2108.4,2811.2,TRUE,45,19-04-2025
858,P858,Fitness,3,2193,18,1798.26,1973.7,TRUE,45,08-01-2025
859,P859,Kitchen,4,2757,46,1488.78,2564.01,FALSE,49,03-06-2025
860,P860,Electronics,1,4164,18,3414.48,3581.04,FALSE,21,27-01-2025
861,P861,Fitness,5,4875,31,3363.75,4143.75,FALSE,33,20-01-2025
862,P862,Electronics,2,453,37,285.39,362.4,TRUE,59,06-04-2025
863,P863,Fitness,2,206,11,183.34,164.8,TRUE,54,23-04-2025
864,P864,Fitness,5,3287,37,2070.81,2859.69,TRUE,53,24-06-2025
865,P865,Books,4,4451,31,3071.19,4139.43,FALSE,40,25-01-2025
866,P866,Kitchen,2,4699,4,4511.04,3806.19,FALSE,12,03-06-2025
867,P867,Kitchen,5,4678,36,2993.92,4116.64,FALSE,43,28-04-2025
868,P868,Electronics,2,2183,32,1484.44,2030.19,TRUE,41,27-06-2025
869,P869,Fitness,3,4172,48,2169.44,3629.64,FALSE,47,23-06-2025
870,P870,Kitchen,4,4111,11,3658.79,3494.35,FALSE,28,21-04-2025
871,P871,Fitness,2,4496,1,4451.04,4091.36,FALSE,18,03-05-2025
872,P872,Kitchen,4,1310,16,1100.4,1218.3,TRUE,57,20-04-2025
873,P873,Electronics,5,3517,16,2954.28,3270.81,FALSE,36,22-06-2025
874,P874,Electronics,4,3,39,1.83,2.85,FALSE,67,15-05-2025
875,P875,Books,5,2055,7,1911.15,1705.65,TRUE,48,09-03-2025
876,P876,Kitchen,5,4947,44,2770.32,4303.89,TRUE,43,19-05-2025
877,P877,Kitchen,3,2682,30,1877.4,2172.42,FALSE,42,28-02-2025
878,P878,Kitchen,5,3307,9,3009.37,3108.58,FALSE,43,04-03-2025
879,P879,Electronics,4,4946,16,4154.64,4500.86,TRUE,25,26-02-2025
880,P880,Fitness,3,4840,12,4259.2,3920.4,FALSE,23,23-06-2025
881,P881,Books,2,327,8,300.84,294.3,TRUE,54,12-01-2025
882,P882,Kitchen,1,4261,19,3451.41,3877.51,FALSE,21,28-05-2025
883,P883,Kitchen,2,4542,35,2952.3,3815.28,FALSE,35,17-02-2025
884,P884,Electronics,1,543,6,510.42,494.13,FALSE,50,08-03-2025
885,P885,Electronics,3,830,19,672.3,755.3,FALSE,56,27-05-2025
886,P886,Electronics,1,791,0,791,656.53,FALSE,46,21-02-2025
887,P887,Books,3,632,37,398.16,518.24,TRUE,59,22-03-2025
888,P888,Kitchen,5,1624,40,974.4,1526.56,TRUE,60,05-05-2025
889,P889,Fitness,5,4288,30,3001.6,3473.28,TRUE,43,19-05-2025
890,P890,Electronics,1,938,29,665.98,816.06,TRUE,52,15-01-2025
891,P891,Electronics,3,3844,12,3382.72,3305.84,TRUE,35,19-05-2025
892,P892,Electronics,2,1894,8,1742.48,1704.6,FALSE,40,09-03-2025
893,P893,Electronics,5,4726,24,3591.76,3922.58,TRUE,33,29-04-2025
894,P894,Kitchen,5,2342,25,1756.5,1873.6,FALSE,51,27-05-2025
895,P895,Electronics,3,274,0,274,235.64,TRUE,63,17-04-2025
896,P896,Kitchen,1,4914,39,2997.54,4275.18,FALSE,23,23-04-2025
897,P897,Kitchen,2,1557,39,949.77,1276.74,TRUE,54,03-04-2025
898,P898,Electronics,2,4352,47,2306.56,3916.8,TRUE,37,31-03-2025
899,P899,Kitchen,1,738,20,590.4,664.2,TRUE,48,24-03-2025
900,P900,Electronics,2,2572,48,1337.44,2109.04,TRUE,47,16-05-2025
901,P901,Fitness,1,4570,7,4250.1,3838.8,TRUE,19,10-04-2025
902,P902,Kitchen,5,4997,27,3647.81,4047.57,TRUE,38,01-05-2025
903,P903,Books,3,3217,33,2155.39,2991.81,TRUE,46,28-03-2025
904,P904,Fitness,2,1334,13,1160.58,1093.88,FALSE,48,31-03-2025
905,P905,Books,1,2248,29,1596.08,1910.8,FALSE,44,11-03-2025
906,P906,Books,1,4652,43,2651.64,3861.16,TRUE,33,12-06-2025
907,P907,Kitchen,2,1415,21,1117.85,1216.9,TRUE,53,31-05-2025
908,P908,Books,5,4934,29,3503.14,4341.92,TRUE,35,25-02-2025
909,P909,Books,3,1462,6,1374.28,1330.42,TRUE,46,16-02-2025
910,P910,Books,3,1376,39,839.36,1114.56,TRUE,61,20-05-2025
911,P911,Fitness,2,355,18,291.1,323.05,FALSE,57,19-03-2025
912,P912,Electronics,5,2281,27,1665.13,1916.04,TRUE,49,17-01-2025
913,P913,Electronics,2,1162,0,1162,1092.28,TRUE,51,01-03-2025
914,P914,Kitchen,4,2380,16,1999.2,2023,TRUE,49,13-05-2025
915,P915,Books,3,3208,49,1636.08,2694.72,FALSE,43,04-04-2025
916,P916,Fitness,1,2390,6,2246.6,1935.9,FALSE,38,25-01-2025
917,P917,Books,3,21,34,13.86,17.22,FALSE,59,07-05-2025
918,P918,Books,1,386,7,358.98,351.26,TRUE,51,25-04-2025
919,P919,Fitness,1,4236,43,2414.52,3727.68,TRUE,39,15-03-2025
920,P920,Kitchen,5,398,6,374.12,374.12,TRUE,63,09-06-2025
921,P921,Kitchen,1,4309,0,4309,3490.29,TRUE,20,19-02-2025
922,P922,Kitchen,2,959,2,939.82,901.46,TRUE,54,16-03-2025
923,P923,Electronics,2,4787,39,2920.07,4164.69,FALSE,36,12-05-2025
924,P924,Fitness,1,2973,22,2318.94,2675.7,TRUE,35,11-05-2025
925,P925,Books,1,3107,11,2765.23,2485.6,TRUE,32,05-03-2025
926,P926,Kitchen,3,4693,45,2581.15,4411.42,FALSE,34,29-06-2025
927,P927,Books,3,662,24,503.12,542.84,FALSE,55,08-03-2025
928,P928,Electronics,3,2433,46,1313.82,2092.38,FALSE,47,17-03-2025
929,P929,Electronics,2,1887,20,1509.6,1679.43,FALSE,49,13-06-2025
930,P930,Fitness,2,4062,30,2843.4,3696.42,TRUE,32,01-01-2025
931,P931,Electronics,1,2473,17,2052.59,2299.89,FALSE,40,22-05-2025
932,P932,Electronics,3,4901,37,3087.63,4018.82,TRUE,38,05-05-2025
933,P933,Kitchen,3,4050,20,3240,3483,FALSE,36,25-03-2025
934,P934,Kitchen,1,4687,44,2624.72,4265.17,FALSE,34,24-04-2025
935,P935,Kitchen,2,2316,26,1713.84,1875.96,FALSE,43,06-01-2025
936,P936,Kitchen,5,1200,26,888,1116,TRUE,65,07-06-2025
937,P937,Fitness,5,2367,12,2082.96,2011.95,TRUE,52,01-01-2025
938,P938,Electronics,2,2074,9,1887.34,1659.2,FALSE,39,22-05-2025
939,P939,Electronics,3,1941,18,1591.62,1611.03,TRUE,47,11-01-2025
940,P940,Kitchen,3,906,24,688.56,779.16,FALSE,56,03-02-2025
941,P941,Electronics,5,745,18,610.9,655.6,TRUE,61,27-01-2025
942,P942,Electronics,5,3653,39,2228.33,3031.99,FALSE,48,02-02-2025
943,P943,Electronics,4,2191,39,1336.51,1752.8,TRUE,49,27-06-2025
944,P944,Kitchen,1,1855,25,1391.25,1706.6,TRUE,43,11-02-2025
945,P945,Electronics,5,4255,2,4169.9,3616.75,TRUE,32,30-06-2025
946,P946,Kitchen,2,1542,8,1418.64,1387.8,FALSE,47,13-01-2025
947,P947,Books,3,3157,40,1894.2,2525.6,TRUE,40,30-04-2025
948,P948,Fitness,2,4050,20,3240,3726,TRUE,27,12-05-2025
949,P949,Electronics,2,3386,2,3318.28,3182.84,TRUE,30,04-03-2025
950,P950,Electronics,4,949,28,683.28,901.55,FALSE,56,21-03-2025
951,P951,Kitchen,2,2448,43,1395.36,2178.72,TRUE,46,22-01-2025
952,P952,Electronics,3,16,10,14.4,14.24,FALSE,64,22-04-2025
953,P953,Kitchen,1,4753,20,3802.4,3992.52,FALSE,21,21-03-2025
954,P954,Electronics,4,4696,35,3052.4,4367.28,FALSE,40,20-01-2025
955,P955,Electronics,2,4957,39,3023.77,4560.44,TRUE,29,22-01-2025
956,P956,Fitness,5,2306,12,2029.28,2167.64,FALSE,47,27-06-2025
957,P957,Books,3,3197,1,3165.03,2653.51,FALSE,30,02-03-2025
958,P958,Electronics,3,4426,40,2655.6,3762.1,TRUE,38,02-04-2025
959,P959,Books,4,579,20,463.2,486.36,TRUE,66,22-05-2025
960,P960,Kitchen,1,203,12,178.64,170.52,TRUE,55,04-03-2025
961,P961,Books,5,3427,41,2021.93,2775.87,TRUE,50,18-05-2025
962,P962,Kitchen,2,3494,3,3389.18,2900.02,FALSE,31,26-04-2025
963,P963,Books,3,2289,35,1487.85,2128.77,TRUE,47,12-01-2025
964,P964,Kitchen,1,2276,5,2162.2,2002.88,FALSE,31,26-06-2025
965,P965,Electronics,4,274,3,265.78,235.64,TRUE,68,14-02-2025
966,P966,Electronics,1,1168,7,1086.24,957.76,FALSE,52,16-05-2025
967,P967,Electronics,4,4566,9,4155.06,4063.74,FALSE,20,28-03-2025
968,P968,Fitness,4,1110,16,932.4,1032.3,FALSE,56,23-04-2025
969,P969,Fitness,4,929,45,510.95,780.36,FALSE,61,07-01-2025
970,P970,Electronics,2,3782,35,2458.3,3441.62,FALSE,36,19-02-2025
971,P971,Kitchen,4,862,49,439.62,801.66,TRUE,65,26-05-2025
972,P972,Electronics,4,4990,42,2894.2,4191.6,FALSE,43,17-06-2025
973,P973,Books,5,1503,45,826.65,1367.73,TRUE,60,24-01-2025
974,P974,Books,4,2578,19,2088.18,2088.18,TRUE,41,08-05-2025
975,P975,Books,5,3389,9,3083.99,3083.99,TRUE,36,18-02-2025
976,P976,Electronics,2,795,0,795,659.85,FALSE,52,15-01-2025
977,P977,Kitchen,2,2634,11,2344.26,2265.24,TRUE,42,20-05-2025
978,P978,Electronics,1,4753,20,3802.4,3992.52,TRUE,25,24-05-2025
979,P979,Kitchen,3,4160,13,3619.2,3494.4,FALSE,27,16-02-2025
980,P980,Books,3,3562,34,2350.92,3134.56,TRUE,45,05-02-2025
981,P981,Fitness,1,1340,8,1232.8,1112.2,FALSE,44,09-06-2025
982,P982,Electronics,4,1797,33,1203.99,1617.3,TRUE,57,23-04-2025
983,P983,Fitness,5,3864,37,2434.32,3207.12,TRUE,51,05-06-2025
984,P984,Fitness,1,3492,6,3282.48,3107.88,TRUE,22,06-05-2025
985,P985,Electronics,1,4753,38,2946.86,3992.52,FALSE,24,08-03-2025
986,P986,Kitchen,1,1083,30,758.1,996.36,TRUE,46,07-02-2025
987,P987,Kitchen,4,662,8,609.04,575.94,FALSE,57,21-01-2025
988,P988,Books,3,3977,23,3062.29,3658.84,FALSE,29,01-03-2025
989,P989,Electronics,4,4290,12,3775.2,3689.4,FALSE,34,06-05-2025
990,P990,Kitchen,1,1060,23,816.2,964.6,TRUE,47,30-06-2025
991,P991,Electronics,1,2191,1,2169.09,1928.08,TRUE,41,04-02-2025
992,P992,Fitness,3,1575,18,1291.5,1291.5,TRUE,51,23-05-2025
993,P993,Kitchen,5,3571,21,2821.09,2963.93,TRUE,46,20-01-2025
994,P994,Electronics,2,191,29,135.61,169.99,FALSE,59,17-06-2025
995,P995,Fitness,4,4823,50,2411.5,4099.55,TRUE,47,06-03-2025
996,P996,Electronics,4,3700,41,2183,3219,FALSE,42,18-06-2025
997,P997,Books,2,4922,29,3494.62,4331.36,FALSE,26,23-06-2025
998,P998,Fitness,1,3165,31,2183.85,2816.85,TRUE,35,15-01-2025
999,P999,Books,1,309,19,250.29,278.1,TRUE,55,13-05-2025
1000,P1000,Electronics,4,2639,1,2612.61,2295.93,TRUE,44,31-01-2025
